movie_id,title,genre
1,Movie 1,Animation
2,Movie 2,Sci-Fi
3,Movie 3,Adventure
4,Movie 4,Horror
5,Movie 5,Animation
6,Movie 6,Documentary
7,Movie 7,Drama
8,Movie 8,Animation
9,Movie 9,Adventure
10,Movie 10,Horror
11,Movie 11,Sci-Fi
12,Movie 12,Adventure
13,Movie 13,Adventure
14,Movie 14,Drama
15,Movie 15,Romance
16,Movie 16,Horror
17,Movie 17,Comedy
18,Movie 18,Adventure
19,Movie 19,Romance
20,Movie 20,Comedy
21,Movie 21,Horror
22,Movie 22,Action
23,Movie 23,Documentary
24,Movie 24,Romance
25,Movie 25,Thriller
26,Movie 26,Action
27,Movie 27,Documentary
28,Movie 28,Drama
29,Movie 29,Animation
30,Movie 30,Sci-Fi
31,Movie 31,Thriller
32,Movie 32,Drama
33,Movie 33,Horror
34,Movie 34,Drama
35,Movie 35,Animation
36,Movie 36,Horror
37,Movie 37,Thriller
38,Movie 38,Animation
39,Movie 39,Comedy
40,Movie 40,Sci-Fi
41,Movie 41,Thriller
42,Movie 42,Comedy
43,Movie 43,Documentary
44,Movie 44,Thriller
45,Movie 45,Documentary
46,Movie 46,Horror
47,Movie 47,Comedy
48,Movie 48,Sci-Fi
49,Movie 49,Animation
50,Movie 50,Adventure
51,Movie 51,Drama
52,Movie 52,Action
53,Movie 53,Sci-Fi
54,Movie 54,Comedy
55,Movie 55,Adventure
56,Movie 56,Sci-Fi
57,Movie 57,Comedy
58,Movie 58,Romance
59,Movie 59,Romance
60,Movie 60,Documentary
61,Movie 61,Sci-Fi
62,Movie 62,Romance
63,Movie 63,Comedy
64,Movie 64,Documentary
65,Movie 65,Comedy
66,Movie 66,Documentary
67,Movie 67,Sci-Fi
68,Movie 68,Adventure
69,Movie 69,Animation
70,Movie 70,Thriller
71,Movie 71,Adventure
72,Movie 72,Horror
73,Movie 73,Comedy
74,Movie 74,Horror
75,Movie 75,Adventure
76,Movie 76,Documentary
77,Movie 77,Thriller
78,Movie 78,Thriller
79,Movie 79,Action
80,Movie 80,Thriller
81,Movie 81,Animation
82,Movie 82,Thriller
83,Movie 83,Adventure
84,Movie 84,Action
85,Movie 85,Adventure
86,Movie 86,Adventure
87,Movie 87,Drama
88,Movie 88,Action
89,Movie 89,Adventure
90,Movie 90,Drama
91,Movie 91,Drama
92,Movie 92,Action
93,Movie 93,Horror
94,Movie 94,Documentary
95,Movie 95,Animation
96,Movie 96,Documentary
97,Movie 97,Thriller
98,Movie 98,Animation
99,Movie 99,Thriller
100,Movie 100,Adventure
101,Movie 101,Comedy
102,Movie 102,Action
103,Movie 103,Animation
104,Movie 104,Animation
105,Movie 105,Adventure
106,Movie 106,Horror
107,Movie 107,Drama
108,Movie 108,Adventure
109,Movie 109,Romance
110,Movie 110,Drama
111,Movie 111,Action
112,Movie 112,Drama
113,Movie 113,Horror
114,Movie 114,Drama
115,Movie 115,Action
116,Movie 116,Horror
117,Movie 117,Documentary
118,Movie 118,Animation
119,Movie 119,Animation
120,Movie 120,Thriller
121,Movie 121,Documentary
122,Movie 122,Documentary
123,Movie 123,Drama
124,Movie 124,Animation
125,Movie 125,Action
126,Movie 126,Sci-Fi
127,Movie 127,Sci-Fi
128,Movie 128,Horror
129,Movie 129,Animation
130,Movie 130,Animation
131,Movie 131,Sci-Fi
132,Movie 132,Animation
133,Movie 133,Drama
134,Movie 134,Romance
135,Movie 135,Comedy
136,Movie 136,Documentary
137,Movie 137,Thriller
138,Movie 138,Horror
139,Movie 139,Romance
140,Movie 140,Sci-Fi
141,Movie 141,Documentary
142,Movie 142,Animation
143,Movie 143,Thriller
144,Movie 144,Animation
145,Movie 145,Action
146,Movie 146,Action
147,Movie 147,Thriller
148,Movie 148,Thriller
149,Movie 149,Sci-Fi
150,Movie 150,Thriller
151,Movie 151,Drama
152,Movie 152,Animation
153,Movie 153,Romance
154,Movie 154,Adventure
155,Movie 155,Thriller
156,Movie 156,Horror
157,Movie 157,Action
158,Movie 158,Drama
159,Movie 159,Documentary
160,Movie 160,Adventure
161,Movie 161,Romance
162,Movie 162,Adventure
163,Movie 163,Thriller
164,Movie 164,Sci-Fi
165,Movie 165,Action
166,Movie 166,Action
167,Movie 167,Documentary
168,Movie 168,Sci-Fi
169,Movie 169,Animation
170,Movie 170,Comedy
171,Movie 171,Drama
172,Movie 172,Action
173,Movie 173,Horror
174,Movie 174,Action
175,Movie 175,Adventure
176,Movie 176,Action
177,Movie 177,Action
178,Movie 178,Comedy
179,Movie 179,Comedy
180,Movie 180,Romance
181,Movie 181,Animation
182,Movie 182,Horror
183,Movie 183,Action
184,Movie 184,Action
185,Movie 185,Drama
186,Movie 186,Comedy
187,Movie 187,Horror
188,Movie 188,Documentary
189,Movie 189,Romance
190,Movie 190,Animation
191,Movie 191,Sci-Fi
192,Movie 192,Animation
193,Movie 193,Adventure
194,Movie 194,Action
195,Movie 195,Romance
196,Movie 196,Adventure
197,Movie 197,Horror
198,Movie 198,Sci-Fi
199,Movie 199,Comedy
200,Movie 200,Romance
201,Movie 201,Romance
202,Movie 202,Action
203,Movie 203,Thriller
204,Movie 204,Romance
205,Movie 205,Drama
206,Movie 206,Sci-Fi
207,Movie 207,Sci-Fi
208,Movie 208,Drama
209,Movie 209,Documentary
210,Movie 210,Drama
211,Movie 211,Drama
212,Movie 212,Sci-Fi
213,Movie 213,Animation
214,Movie 214,Sci-Fi
215,Movie 215,Thriller
216,Movie 216,Action
217,Movie 217,Adventure
218,Movie 218,Animation
219,Movie 219,Comedy
220,Movie 220,Adventure
221,Movie 221,Action
222,Movie 222,Thriller
223,Movie 223,Thriller
224,Movie 224,Comedy
225,Movie 225,Animation
226,Movie 226,Documentary
227,Movie 227,Drama
228,Movie 228,Animation
229,Movie 229,Documentary
230,Movie 230,Thriller
231,Movie 231,Sci-Fi
232,Movie 232,Action
233,Movie 233,Comedy
234,Movie 234,Action
235,Movie 235,Horror
236,Movie 236,Horror
237,Movie 237,Animation
238,Movie 238,Thriller
239,Movie 239,Thriller
240,Movie 240,Drama
241,Movie 241,Drama
242,Movie 242,Drama
243,Movie 243,Sci-Fi
244,Movie 244,Adventure
245,Movie 245,Romance
246,Movie 246,Adventure
247,Movie 247,Action
248,Movie 248,Adventure
249,Movie 249,Sci-Fi
250,Movie 250,Action
251,Movie 251,Adventure
252,Movie 252,Sci-Fi
253,Movie 253,Romance
254,Movie 254,Adventure
255,Movie 255,Sci-Fi
256,Movie 256,Drama
257,Movie 257,Thriller
258,Movie 258,Drama
259,Movie 259,Thriller
260,Movie 260,Comedy
261,Movie 261,Comedy
262,Movie 262,Comedy
263,Movie 263,Romance
264,Movie 264,Drama
265,Movie 265,Thriller
266,Movie 266,Sci-Fi
267,Movie 267,Action
268,Movie 268,Sci-Fi
269,Movie 269,Action
270,Movie 270,Horror
271,Movie 271,Sci-Fi
272,Movie 272,Adventure
273,Movie 273,Adventure
274,Movie 274,Animation
275,Movie 275,Drama
276,Movie 276,Action
277,Movie 277,Action
278,Movie 278,Drama
279,Movie 279,Romance
280,Movie 280,Animation
281,Movie 281,Romance
282,Movie 282,Romance
283,Movie 283,Romance
284,Movie 284,Drama
285,Movie 285,Romance
286,Movie 286,Adventure
287,Movie 287,Comedy
288,Movie 288,Horror
289,Movie 289,Action
290,Movie 290,Action
291,Movie 291,Horror
292,Movie 292,Drama
293,Movie 293,Sci-Fi
294,Movie 294,Drama
295,Movie 295,Action
296,Movie 296,Action
297,Movie 297,Horror
298,Movie 298,Romance
299,Movie 299,Drama
300,Movie 300,Thriller
301,Movie 301,Horror
302,Movie 302,Adventure
303,Movie 303,Action
304,Movie 304,Horror
305,Movie 305,Drama
306,Movie 306,Action
307,Movie 307,Sci-Fi
308,Movie 308,Horror
309,Movie 309,Animation
310,Movie 310,Action
311,Movie 311,Drama
312,Movie 312,Comedy
313,Movie 313,Thriller
314,Movie 314,Documentary
315,Movie 315,Romance
316,Movie 316,Documentary
317,Movie 317,Drama
318,Movie 318,Adventure
319,Movie 319,Adventure
320,Movie 320,Comedy
321,Movie 321,Romance
322,Movie 322,Animation
323,Movie 323,Comedy
324,Movie 324,Documentary
325,Movie 325,Comedy
326,Movie 326,Documentary
327,Movie 327,Action
328,Movie 328,Adventure
329,Movie 329,Action
330,Movie 330,Thriller
331,Movie 331,Romance
332,Movie 332,Animation
333,Movie 333,Documentary
334,Movie 334,Animation
335,Movie 335,Documentary
336,Movie 336,Drama
337,Movie 337,Comedy
338,Movie 338,Thriller
339,Movie 339,Adventure
340,Movie 340,Documentary
341,Movie 341,Animation
342,Movie 342,Thriller
343,Movie 343,Sci-Fi
344,Movie 344,Sci-Fi
345,Movie 345,Action
346,Movie 346,Adventure
347,Movie 347,Drama
348,Movie 348,Animation
349,Movie 349,Comedy
350,Movie 350,Comedy
351,Movie 351,Animation
352,Movie 352,Romance
353,Movie 353,Drama
354,Movie 354,Thriller
355,Movie 355,Documentary
356,Movie 356,Romance
357,Movie 357,Documentary
358,Movie 358,Documentary
359,Movie 359,Romance
360,Movie 360,Action
361,Movie 361,Sci-Fi
362,Movie 362,Documentary
363,Movie 363,Romance
364,Movie 364,Romance
365,Movie 365,Horror
366,Movie 366,Action
367,Movie 367,Adventure
368,Movie 368,Horror
369,Movie 369,Horror
370,Movie 370,Animation
371,Movie 371,Sci-Fi
372,Movie 372,Romance
373,Movie 373,Sci-Fi
374,Movie 374,Drama
375,Movie 375,Animation
376,Movie 376,Adventure
377,Movie 377,Sci-Fi
378,Movie 378,Comedy
379,Movie 379,Documentary
380,Movie 380,Drama
381,Movie 381,Action
382,Movie 382,Adventure
383,Movie 383,Drama
384,Movie 384,Documentary
385,Movie 385,Animation
386,Movie 386,Documentary
387,Movie 387,Horror
388,Movie 388,Documentary
389,Movie 389,Horror
390,Movie 390,Animation
391,Movie 391,Thriller
392,Movie 392,Horror
393,Movie 393,Action
394,Movie 394,Documentary
395,Movie 395,Documentary
396,Movie 396,Action
397,Movie 397,Comedy
398,Movie 398,Romance
399,Movie 399,Thriller
400,Movie 400,Adventure
401,Movie 401,Horror
402,Movie 402,Action
403,Movie 403,Animation
404,Movie 404,Horror
405,Movie 405,Romance
406,Movie 406,Animation
407,Movie 407,Drama
408,Movie 408,Documentary
409,Movie 409,Drama
410,Movie 410,Horror
411,Movie 411,Romance
412,Movie 412,Thriller
413,Movie 413,Horror
414,Movie 414,Action
415,Movie 415,Sci-Fi
416,Movie 416,Horror
417,Movie 417,Documentary
418,Movie 418,Documentary
419,Movie 419,Horror
420,Movie 420,Animation
421,Movie 421,Sci-Fi
422,Movie 422,Action
423,Movie 423,Horror
424,Movie 424,Animation
425,Movie 425,Documentary
426,Movie 426,Documentary
427,Movie 427,Romance
428,Movie 428,Horror
429,Movie 429,Sci-Fi
430,Movie 430,Comedy
431,Movie 431,Sci-Fi
432,Movie 432,Documentary
433,Movie 433,Documentary
434,Movie 434,Drama
435,Movie 435,Documentary
436,Movie 436,Action
437,Movie 437,Adventure
438,Movie 438,Horror
439,Movie 439,Sci-Fi
440,Movie 440,Adventure
441,Movie 441,Animation
442,Movie 442,Comedy
443,Movie 443,Action
444,Movie 444,Sci-Fi
445,Movie 445,Adventure
446,Movie 446,Comedy
447,Movie 447,Drama
448,Movie 448,Action
449,Movie 449,Action
450,Movie 450,Drama
451,Movie 451,Horror
452,Movie 452,Drama
453,Movie 453,Action
454,Movie 454,Action
455,Movie 455,Adventure
456,Movie 456,Documentary
457,Movie 457,Comedy
458,Movie 458,Drama
459,Movie 459,Comedy
460,Movie 460,Drama
461,Movie 461,Animation
462,Movie 462,Action
463,Movie 463,Documentary
464,Movie 464,Adventure
465,Movie 465,Documentary
466,Movie 466,Documentary
467,Movie 467,Documentary
468,Movie 468,Comedy
469,Movie 469,Drama
470,Movie 470,Thriller
471,Movie 471,Animation
472,Movie 472,Sci-Fi
473,Movie 473,Documentary
474,Movie 474,Horror
475,Movie 475,Comedy
476,Movie 476,Adventure
477,Movie 477,Sci-Fi
478,Movie 478,Thriller
479,Movie 479,Horror
480,Movie 480,Thriller
481,Movie 481,Sci-Fi
482,Movie 482,Documentary
483,Movie 483,Horror
484,Movie 484,Thriller
485,Movie 485,Adventure
486,Movie 486,Drama
487,Movie 487,Action
488,Movie 488,Drama
489,Movie 489,Sci-Fi
490,Movie 490,Comedy
491,Movie 491,Action
492,Movie 492,Animation
493,Movie 493,Adventure
494,Movie 494,Animation
495,Movie 495,Horror
496,Movie 496,Action
497,Movie 497,Animation
498,Movie 498,Animation
499,Movie 499,Thriller
500,Movie 500,Drama
